CREATE TABLE IF NOT EXISTS `dy_admin_group` (`gid` smallint(5) unsigned NOT NULL auto_increment,`name` char(20) NOT NULL,`audit` tinyint(1) unsigned NOT NULL default '0',`paction` text NOT NULL,PRIMARY KEY  (`gid`)) ENGINE=MyISAM  DEFAULT CHARSET=utf8 AUTO_INCREMENT=2 ;
INSERT INTO `dy_admin_group` (`gid`, `name`, `audit`, `paction`) VALUES(1, '录入员', 0, ',a_html,a_article,a_article_add,a_article_edit,a_article_del,a_article_audit,a_product,a_product_add,a_product_edit,a_product_del,a_product_audit,a_message,a_message_edit,a_message_del,a_message_audit,a_article_index,a_classtypes_index,a_fields_info,a_adminuser_edituser,uploads,a_label,a_sys_ecache,a_product_index,');
CREATE TABLE IF NOT EXISTS `dy_admin_per` (`pid` tinyint(5) unsigned NOT NULL auto_increment,`action` char(50) NOT NULL,`name` char(20) NOT NULL,`up` tinyint(5) NOT NULL default '0',`no` tinyint(1) unsigned NOT NULL default '0',`orders` int(10) unsigned NOT NULL default '0',`molds` char(30) NOT NULL,PRIMARY KEY  (`pid`)) ENGINE=MyISAM  DEFAULT CHARSET=utf8 AUTO_INCREMENT=84 ;
INSERT INTO `dy_admin_per` (`pid`, `action`, `name`, `up`, `no`, `orders`, `molds`) VALUES(1, 'a_article', '管理', 0, 0, 20, 'article'),(2, 'a_classtypes', '栏目管理', 0, 0, 96, ''),(3, 'a_fields', '自定义字段管理', 37, 0, 29, ''),(4, 'a_article_index', '列表', 1, 1, 0, ''),(5, 'a_article_add', '添加', 1, 0, 0, ''),(6, 'a_article_edit', '编辑', 1, 0, 0, ''),(7, 'a_article_del', '删除', 1, 0, 0, ''),(8, 'a_article_audit', '审核', 1, 0, 0, ''),(9, 'a_classtypes_index', '栏目列表', 2, 1, 0, ''),(10, 'a_classtypes_add', '栏目添加', 2, 0, 0, ''),(11, 'a_classtypes_edit', '栏目编辑', 2, 0, 0, ''),(12, 'a_classtypes_del', '栏目删除', 2, 0, 0, ''),(13, 'a_molds', '频道设置', 37, 0, 30, ''),(17, 'a_adminuser', '管理员管理', 36, 0, 29, ''),(22, 'a_sys', '系统设置', 36, 0, 30, ''),(24, 'a_fields_info', '字段列表', 0, 1, 0, ''),(27, 'a_adminuser_edituser', '修改资料', 0, 1, 0, ''),(28, 'uploads', '上传', 0, 1, 0, ''),(29, 'a_traits', '推荐属性管理', 37, 0, 28, ''),(34, 'a_dbbak', '数据备份', 36, 0, 27, ''),(35, 'a_label', '模板调用生成器', 0, 1, 0, ''),(36, '', '系统', 0, 0, 99, ''),(37, '', '频道管理', 0, 0, 97, ''),(38, 'a_sys_ecache', '更新缓存', 0, 1, 0, ''),(40, 'a_labelcus', '自定义模板标签', 36, 0, 28, ''),(41, 'a_funs', '插件设置', 42, 0, 30, ''),(42, '', '插件管理', 0, 0, 98, ''),(43, 'a_files', '清理附件', 36, 0, 0, ''),(66, 'a_message', '管理', 0, 0, 0, 'message'),(67, 'a_message_edit', '编辑', 66, 0, 0, ''),(68, 'a_message_del', '删除', 66, 0, 0, ''),(69, 'a_message_audit', '审核', 66, 0, 0, ''),(71, 'a_comment', '评论管理', 42, 0, 0, ''),(72, 'a_links', '友情链接管理', 42, 0, 0, ''),(73, 'a_member', '会员管理', 42, 0, 0, ''),(74, 'a_special', '专题管理', 42, 0, 0, ''),(75, 'a_update', '在线升级', 36, 0, 0, ''),(76, 'a_html', '静态生成', 36, 0, 0, ''),(77, 'a_product', '管理', 0, 0, 20, 'product'),(78, 'a_product_index', '列表', 77, 1, 0, ''),(79, 'a_product_add', '添加', 77, 0, 0, ''),(80, 'a_product_edit', '编辑', 77, 0, 0, ''),(81, 'a_product_del', '删除', 77, 0, 0, ''),(82, 'a_product_audit', '审核', 77, 0, 0, ''),(84, 'a_ads', '广告管理', 42, 0, 0, '');
CREATE TABLE IF NOT EXISTS `dy_admin_user` (`auid` smallint(5) unsigned NOT NULL auto_increment,`auser` char(20) NOT NULL,`apass` char(32) NOT NULL,`aname` char(30) NOT NULL,`amail` char(100) NOT NULL,`atel` char(100) NOT NULL,`level` tinyint(1) unsigned NOT NULL default '0',`gid` smallint(5) unsigned NOT NULL default '0',`pclasstype` text NOT NULL,PRIMARY KEY  (`auid`)) ENGINE=MyISAM  DEFAULT CHARSET=utf8 AUTO_INCREMENT=2 ;
INSERT INTO `dy_admin_user` (`auid`, `auser`, `apass`, `aname`, `amail`, `atel`, `level`, `gid`, `pclasstype`) VALUES(1, '|-auser-|', '|-apass-|', '真实姓名', '邮箱', '电话', 1, 1, '');
CREATE TABLE IF NOT EXISTS `dy_ads` (`id` mediumint(8) unsigned NOT NULL auto_increment,`taid` smallint(5) unsigned NOT NULL default '0',`orders` int(10) NOT NULL default '0',`name` char(100) NOT NULL,`type` tinyint(1) unsigned NOT NULL default '0',`adsw` smallint(5) unsigned NOT NULL default '0',`adsh` smallint(5) unsigned NOT NULL default '0',`adfile` char(200) NOT NULL,`body` text NOT NULL,`gourl` char(200) NOT NULL,`target` char(8) NOT NULL,`isshow` tinyint(1) unsigned NOT NULL default '1',PRIMARY KEY  (`id`)) ENGINE=MyISAM  DEFAULT CHARSET=utf8 AUTO_INCREMENT=6 ;
INSERT INTO `dy_ads` (`id`, `taid`, `orders`, `name`, `type`, `adsw`, `adsh`, `adfile`, `body`, `gourl`, `target`, `isshow`) VALUES(1, 1, 0, 'banner1', 1, 980, 300, 'template/default/images/banner.jpg', '<a href="#" target="_self"><img src="template/default/images/banner.jpg" width="980" height="300" /></a>', '#', 'self', 1),(2, 1, 0, 'banner2', 1, 980, 300, 'template/default/images/banner.jpg', '<a href="#" target="_self"><img src="template/default/images/banner.jpg" width="980" height="300" /></a>', '#', 'self', 1),(3, 1, 0, 'banner3', 1, 980, 300, 'template/default/images/banner.jpg', '<a href="#" target="_self"><img src="template/default/images/banner.jpg" width="980" height="300" /></a>', '#', 'self', 1),(4, 2, 0, '啊是的发生地方', 1, 0, 0, 'uploads/2012/06/261729216566.jpg', '<a href="" target="_blank"><img src="uploads/2012/06/261729216566.jpg" width="0" height="0" /></a>', '', 'blank', 1),(5, 0, 0, '阿斯多夫', 1, 100, 100, '', '<a href="" target="_blank"><img src="" width="100" height="100" /></a>', '', 'blank', 1);
CREATE TABLE IF NOT EXISTS `dy_adstype` (`taid` smallint(5) NOT NULL auto_increment,`name` char(100) NOT NULL,`adsw` smallint(5) unsigned NOT NULL default '0',`adsh` smallint(5) unsigned NOT NULL default '0',PRIMARY KEY  (`taid`)) ENGINE=MyISAM  DEFAULT CHARSET=utf8 AUTO_INCREMENT=5 ;
INSERT INTO `dy_adstype` (`taid`, `name`, `adsw`, `adsh`) VALUES(1, '头部通栏banner', 980, 300),(2, '啊是的发生地方', 0, 0),(3, '阿斯多夫', 100, 100),(4, '阿斯多夫', 100, 100);
CREATE TABLE IF NOT EXISTS `dy_article` (`id` mediumint(8) unsigned NOT NULL auto_increment,`tid` smallint(5) unsigned NOT NULL default '0',`sid` smallint(5) unsigned NOT NULL default '0',`isshow` tinyint(1) unsigned NOT NULL default '0',`title` char(100) NOT NULL,`style` char(60) NOT NULL,`trait` char(20) NOT NULL,`gourl` char(255) NOT NULL,`htmlfile` char(100) NOT NULL,`htmlurl` char(255) NOT NULL,`addtime` int(10) unsigned NOT NULL default '0',`hits` int(10) unsigned NOT NULL default '0',`litpic` char(255) NOT NULL,`orders` int(10) NOT NULL default '0',`mrank` smallint(5) NOT NULL default '0',`mgold` int(10) unsigned NOT NULL default '0',`keywords` char(200) NOT NULL,`description` char(255) NOT NULL,`user` char(30) NOT NULL,`usertype` tinyint(2) unsigned NOT NULL default '0',PRIMARY KEY  (`id`),KEY `orbye` (`orders`,`addtime`),KEY `article` (`isshow`,`tid`,`trait`,`sid`)) ENGINE=MyISAM  DEFAULT CHARSET=utf8 AUTO_INCREMENT=36 ;
INSERT INTO `dy_article` (`id`, `tid`, `sid`, `isshow`, `title`, `style`, `trait`, `gourl`, `htmlfile`, `htmlurl`, `addtime`, `hits`, `litpic`, `orders`, `mrank`, `mgold`, `keywords`, `description`, `user`, `usertype`) VALUES(1, 3, 0, 1, '网站制作', '', '', '', '', 'html/2012/04/1.html', 1335405900, 24, 'uploads/2012/04/261006016221.jpg', 0, 0, 0, '', '内容完善中...', 'admin', 0),(2, 2, 0, 1, 'DOYO通用建站系统', '', '', '', '', 'html/2012/04/2.html', 1335406140, 12, 'uploads/2012/04/261014486626.jpg', 0, 0, 0, '', '', 'admin', 0),(3, 4, 0, 1, '某某案例', '', '', '', '', 'html/2012/04/3.html', 1335406440, 3, 'uploads/2012/04/261017573910.jpg', 0, 0, 0, '', '', 'admin', 0),(5, 10, 0, 1, '某某荣誉', '', '', '', '', 'html/2012/04/5.html', 1335414060, 4, 'uploads/2012/04/261223037917.jpg', 0, 0, 0, '', '', 'admin', 0),(6, 8, 0, 1, '庆祝某某公司网站正式开通', '', '', '', '', 'html/2012/04/6.html', 1335414300, 4, 'uploads/2012/04/261225443937.jpg', 0, 0, 0, '', '', 'admin', 0),(7, 2, 0, 1, '产品演示', '', '', '', '', 'html/2012/05/7.html', 1337952300, 5, 'uploads/2012/04/261017573910.jpg', 0, 0, 0, '', '', 'admin', 0),(8, 8, 0, 1, '公司最新动态公司最新动态公司最新动态', '', '', '', '', 'html/2012/05/8.html', 1337952360, 6, '', 0, 0, 0, '', '', 'admin', 0),(9, 3, 0, 1, '网站制作11', '', '', '', '', 'html/2012/04/9.html', 1335405900, 4, 'uploads/2012/04/261006016221.jpg', 0, 0, 0, '', '内容完善中...', 'admin', 0),(10, 3, 0, 1, '网站制作22', '', '', '', '', 'html/2012/04/10.html', 1335405900, 7, 'uploads/2012/04/261006016221.jpg', 0, 0, 0, '', '内容完善中...', 'admin', 0),(11, 3, 0, 1, '网站制作11', '', '', '', '', 'html/2012/04/11.html', 1335405900, 8, 'uploads/2012/04/261006016221.jpg', 0, 0, 0, '', '内容完善中...', 'admin', 0),(12, 4, 0, 1, '网站制作22', '', '', '', '', 'html/2012/04/12.html', 1335405900, 10, 'uploads/2012/04/261006016221.jpg', 0, 0, 0, '', '内容完善中...', 'admin', 0),(25, 1, 0, 1, '阿斯多夫', '', '', '', '', 'html/2012/06/25.html', 1340959740, 0, '', 0, 0, 0, '', '', 'admin', 0),(20, 8, 0, 1, '分页测试', '', '', '', 'sdfgsdfg', 'html/2012/06/sdfgsdfg.html', 1339996020, 166, '', 0, 0, 0, '', 'ASDF', 'admin', 0);
CREATE TABLE IF NOT EXISTS `dy_article_field` (`aid` mediumint(8) unsigned NOT NULL default '0',`body` mediumtext NOT NULL,PRIMARY KEY  (`aid`)) ENGINE=MyISAM DEFAULT CHARSET=utf8;
INSERT INTO `dy_article_field` (`aid`, `body`) VALUES(2, 'DOYO通用建站系统采用PHP与MYSQL开发，是免费开源的CMS建站、企业建站系统，可广泛用于个人、企业、政府、机构等众多网站建设。<ul><li><span class="s1"></span><strong class="f1">架构轻盈，完全免费与开源</strong><br />采用轻量MVC架构开发，兼顾高效执行同时，更使系统具备良好的拓展及升级特性。全局高效缓存，打造飞速体验。 </li><li><span class="s2"></span><strong class="f1">功能自由搭配，保证系统纯净</strong><br />功能模块采用全插件机制，自由选择，安装卸载全绿色操作，无残留，做到对系统臃肿零容忍，最小安装仅数百K。 </li><li><span class="s3"></span><strong class="f1">让简洁与强大并存</strong><br />强大的内容字段自定义功能，不断升级完善的模块插件，不会编程一样可以轻松搭建各类网站系统。 </li></ul>'),(3, '某某案例'),(5, '某某荣誉'),(6, '<p>欢迎大家浏览</p>'),(7, '产品演示产品演示产品演示产品演示'),(8, '公司最新动态公司最新动态公司最新动态'),(25, '阿斯多夫'),(20, '阿萨德发送到法撒旦发射点发射点发射得分[doyo|page]asdfasdfasdfasdfasdf[doyo|page]1134124124124124[doyo|page]sdgsdfggggggggggggggggggggggg'),(1, '啊是的发生地方11'),(12, ''),(21, 'asdfasdfasdf'),(22, '33333333'),(11, 'asdfasdf');
CREATE TABLE IF NOT EXISTS `dy_classtype` (`tid` smallint(5) unsigned NOT NULL auto_increment,`molds` char(20) NOT NULL,`pid` smallint(5) unsigned NOT NULL default '0',`classname` char(50) NOT NULL,`gourl` char(255) NOT NULL,`litpic` char(200) NOT NULL,`title` char(100) NOT NULL,`keywords` char(255) NOT NULL,`description` varchar(300) NOT NULL,`isindex` tinyint(1) unsigned NOT NULL default '1',`t_index` char(50) NOT NULL,`t_list` char(50) NOT NULL,`t_listimg` char(50) NOT NULL,`t_listb` char(50) NOT NULL,`t_content` char(50) NOT NULL,`listnum` mediumint(8) unsigned NOT NULL default '0',`htmldir` char(100) NOT NULL,`htmlfile` char(100) NOT NULL,`mrank` smallint(5) NOT NULL default '0',`msubmit` smallint(5) NOT NULL default '0',`orders` int(10) NOT NULL default '0',`body` mediumtext NOT NULL,`mshow` tinyint(1) unsigned NOT NULL default '1',PRIMARY KEY  (`tid`)) ENGINE=MyISAM  DEFAULT CHARSET=utf8 AUTO_INCREMENT=20 ;
INSERT INTO `dy_classtype` (`tid`, `molds`, `pid`, `classname`, `gourl`, `litpic`, `title`, `keywords`, `description`, `isindex`, `t_index`, `t_list`, `t_listimg`, `t_listb`, `t_content`, `listnum`, `htmldir`, `htmlfile`, `mrank`, `msubmit`, `orders`, `body`, `mshow`) VALUES(1, 'article', 0, '关于我们', '', 'uploads/2012/04/261014486626.jpg', '关于我们', '', '关于我们简介', 3, 'list_index.html', 'list.html', 'list_image.html', 'list_body.html', 'article.html', 20, '', '', 0, 0, 0, '关于我们...内容建设中...', 1),(2, 'product', 0, '产品介绍', '', '', '产品介绍', '', '', 2, 'list_index.html', 'list.html', 'list_image.html', 'list_body.html', 'product.html', 20, 'china/123', '', 0, 0, 0, '', 1),(3, 'article', 0, '服务项目', '', '', '服务项目', '', '', 2, 'list_index.html', 'list.html', 'list_image.html', 'list_body.html', 'article.html', 20, '', '', 0, 0, 0, '', 1),(4, 'article', 0, '服务案例', '', '', '服务案例', '', '', 2, 'list_index.html', 'list.html', 'list_image.html', 'list_body.html', 'article.html', 20, '/', 'ria', 0, 0, 0, '', 1),(5, 'article', 0, '客户服务', '', '', '客户服务', '', '', 3, 'list_index.html', 'list.html', 'list_image.html', 'list_body.html', 'article.html', 20, '', '', 0, 0, 0, '客户服务...内容建设中...', 1),(6, 'article', 0, '营销网络', '', '', '营销网络', '', '', 3, 'list_index.html', 'list.html', 'list_image.html', 'list_body.html', 'article.html', 20, '', '', 0, 0, 0, '营销网络...内容建设中...', 1),(7, 'article', 0, '联系我们', '', '', '联系我们', '', '', 3, 'list_index.html', 'list.html', 'list_image.html', 'list_body.html', 'article.html', 20, '', '', 0, 0, 0, '联系我们...内容建设中...', 0),(8, 'article', 0, '公司动态', '', '', '公司动态', '', '', 1, 'list_index.html', 'list.html', 'list_image.html', 'list_body.html', 'article.html', 20, '', '', 0, 1, 0, '', 0),(9, 'article', 1, '公司介绍', '', '', '公司介绍', '', '', 3, 'list_index.html', 'list.html', 'list_image.html', 'list_body.html', 'article.html', 20, '', '', 0, 0, 0, '公司介绍，内容完善中...', 1),(10, 'article', 1, '公司荣誉', '', '', '公司荣誉', '', '', 2, 'list_index.html', 'list.html', 'list_image.html', 'list_body.html', 'article.html', 20, '', '', 0, 0, 0, '', 1),(11, 'message', 0, '在线留言', '', '', '在线留言', '', '', 1, 'message.html', 'message.html', 'message.html', 'message.html', 'message.html', 10, '', '', 0, -1, 0, '', 1),(18, 'product', 2, 'DOYO通用建站系统', '', '', 'DOYO通用建站系统', '', '', 2, 'list_index.html', 'list.html', 'list_image.html', 'list_body.html', 'product.html', 20, '', '', 0, 0, 0, '', 1),(19, 'product', 2, 'DOYO域名主机', '', '', 'DOYO域名主机', '', '', 2, 'list_index.html', 'list.html', 'list_image.html', 'list_body.html', 'product.html', 20, '', '', 0, 0, 0, '', 1);
CREATE TABLE IF NOT EXISTS `dy_comment` (`cid` mediumint(8) unsigned NOT NULL auto_increment,`aid` mediumint(8) unsigned NOT NULL,`molds` char(20) NOT NULL,`isshow` tinyint(1) unsigned NOT NULL default '0',`body` text NOT NULL,`reply` text NOT NULL,`addtime` int(10) unsigned NOT NULL default '0',`retime` int(10) unsigned NOT NULL default '0',`user` char(30) NOT NULL,`ruser` char(30) NOT NULL,PRIMARY KEY  (`cid`)) ENGINE=MyISAM  DEFAULT CHARSET=utf8 AUTO_INCREMENT=55 ;
INSERT INTO `dy_comment` (`cid`, `aid`, `molds`, `isshow`, `body`, `reply`, `addtime`, `retime`, `user`, `ruser`) VALUES(54, 3, 'product', 0, 'asdf', '', 1340949850, 0, '游客', ''),(53, 1, 'product', 0, 'asdfasdf', '', 1340771473, 0, '游客', '');
CREATE TABLE IF NOT EXISTS `dy_custom` (`id` smallint(8) unsigned NOT NULL auto_increment,`name` char(200) NOT NULL,`dir` char(100) NOT NULL,`template` char(100) NOT NULL,`file` char(200) NOT NULL,`html` tinyint(1) NOT NULL default '0',PRIMARY KEY  (`id`)) ENGINE=MyISAM  DEFAULT CHARSET=utf8 AUTO_INCREMENT=3 ;
INSERT INTO `dy_custom` (`id`, `name`, `dir`, `template`, `file`, `html`) VALUES(2, '测试', 'aa', 'index.html', '123.html', '0');
CREATE TABLE IF NOT EXISTS `dy_fields` (`fid` mediumint(8) unsigned NOT NULL auto_increment,`molds` char(20) NOT NULL,`fieldsname` char(20) NOT NULL,`fields` char(20) NOT NULL,`fieldstype` char(20) NOT NULL,`fieldslong` smallint(5) unsigned NOT NULL default '0',`selects` text NOT NULL,`fieldorder` int(10) NOT NULL default '0',`issubmit` tinyint(1) unsigned NOT NULL default '1',`lists` tinyint(1) unsigned NOT NULL default '0',`fieldshow` tinyint(1) unsigned NOT NULL default '1',`types` text NOT NULL,PRIMARY KEY  (`fid`)) ENGINE=MyISAM  DEFAULT CHARSET=utf8 AUTO_INCREMENT=6 ;
CREATE TABLE IF NOT EXISTS `dy_funs` (`fid` smallint(5) unsigned NOT NULL auto_increment,`funs` char(20) NOT NULL,`fundb` char(255) NOT NULL,`name` char(20) NOT NULL,`isshow` tinyint(1) unsigned NOT NULL default '1',`afiles` text NOT NULL,`version` char(20) NOT NULL,PRIMARY KEY  (`fid`)) ENGINE=MyISAM  DEFAULT CHARSET=utf8 AUTO_INCREMENT=37 ;
INSERT INTO `dy_funs` (`fid`, `funs`, `fundb`, `name`, `isshow`, `afiles`, `version`) VALUES(31, 'ads', 'ads,adstype', '广告', 1, 'doyo/admin/a_ads.php,include/class/c_ads.php,doyo/admin/template/ads.html', '1.0'),(32, 'comment', 'comment', '评论', 1, 'doyo/admin/a_comment.php,include/class/c_comment.php,doyo/admin/template/comment.html,doyo/comment.php', '1.0'),(33, 'links', 'links,linkstype', '友情链接', 1, 'doyo/admin/a_links.php,include/class/c_links.php,doyo/admin/template/links.html', '1.0'),(34, 'member', 'member,member_field,member_group,member_file', '会员', 1, 'doyo/admin/a_member.php,include/class/c_member.php,doyo/admin/template/member.html,doyo/member.php', '1.0'),(35, 'special', 'special', '专题', 1, 'doyo/admin/a_special.php,include/class/c_special.php,doyo/admin/template/special.html,doyo/admin/template/special_edit.html,doyo/special.php', '1.0');
CREATE TABLE IF NOT EXISTS `dy_labelcus` (`id` smallint(5) NOT NULL auto_increment,`name` char(50) NOT NULL,`body` text NOT NULL,`type` tinyint(1) NOT NULL default '1',PRIMARY KEY  (`id`)) ENGINE=MyISAM  DEFAULT CHARSET=utf8 AUTO_INCREMENT=3 ;
INSERT INTO `dy_labelcus` (`id`, `name`, `body`, `type`) VALUES(1, 'asdfasdf', 'asdfasdf', 2),(2, 'asdf', '<a target="_blank" href=" http://wpa.qq.com/msgrd?v=3&uin=1412822564&site=qq&menu=yes"><img src="{$GLOBALS[''TURL'']}images/qq2.jpg" /></a>', 1);
CREATE TABLE IF NOT EXISTS `dy_links` (`id` mediumint(8) unsigned NOT NULL auto_increment,`taid` smallint(5) unsigned NOT NULL default '0',`orders` int(10) NOT NULL default '0',`name` char(100) NOT NULL,`image` char(200) NOT NULL,`gourl` char(200) NOT NULL,`isshow` tinyint(1) unsigned NOT NULL default '1',PRIMARY KEY  (`id`)) ENGINE=MyISAM  DEFAULT CHARSET=utf8 AUTO_INCREMENT=3 ;
INSERT INTO `dy_links` (`id`, `taid`, `orders`, `name`, `image`, `gourl`, `isshow`) VALUES(1, 1, 0, 'DOYO建站', '', 'http://wdoyo.com', 1),(2, 1, 0, '新浪', '', 'http://www.sina.com.cn', 1);
CREATE TABLE IF NOT EXISTS `dy_linkstype` (`taid` smallint(5) NOT NULL auto_increment,`name` char(100) NOT NULL,PRIMARY KEY  (`taid`)) ENGINE=MyISAM  DEFAULT CHARSET=utf8 AUTO_INCREMENT=2 ;
INSERT INTO `dy_linkstype` (`taid`, `name`) VALUES(1, '门户导航');
CREATE TABLE IF NOT EXISTS `dy_member` (`id` mediumint(8) unsigned NOT NULL auto_increment,`user` char(20) NOT NULL,`pass` char(32) NOT NULL,`email` char(100) NOT NULL,`gid` smallint(5) NOT NULL default '1',`money` decimal(10,2) NOT NULL default '0.00',`regtime` int(10) unsigned NOT NULL default '0',PRIMARY KEY  (`id`)) ENGINE=MyISAM  DEFAULT CHARSET=utf8 AUTO_INCREMENT=13 ;
CREATE TABLE IF NOT EXISTS `dy_member_field` (`aid` mediumint(8) unsigned NOT NULL default '0',PRIMARY KEY  (`aid`)) ENGINE=MyISAM DEFAULT CHARSET=utf8;
CREATE TABLE IF NOT EXISTS `dy_member_file` (`id` int(8) unsigned NOT NULL auto_increment,`uid` mediumint(8) unsigned NOT NULL default '0',`url` char(255) NOT NULL,`size` int(11) unsigned NOT NULL default '0',`fields` char(20) NOT NULL,`hand` int(9) unsigned NOT NULL default '0',`aid` mediumint(8) unsigned NOT NULL default '0',`molds` char(20) NOT NULL,PRIMARY KEY  (`id`),UNIQUE KEY `user` (`uid`,`url`,`size`,`fields`,`hand`)) ENGINE=MyISAM DEFAULT CHARSET=utf8 AUTO_INCREMENT=1 ;
CREATE TABLE IF NOT EXISTS `dy_member_group` (`gid` smallint(5) unsigned NOT NULL auto_increment,`name` char(20) NOT NULL,`weight` int(11) NOT NULL default '0',`audit` tinyint(1) unsigned NOT NULL default '0',`submit` tinyint(1) unsigned NOT NULL default '0',`filetype` char(255) NOT NULL,`filesize` int(10) unsigned NOT NULL default '0',`fileallsize` int(10) unsigned NOT NULL default '0',PRIMARY KEY  (`gid`)) ENGINE=MyISAM  DEFAULT CHARSET=utf8 AUTO_INCREMENT=2 ;
INSERT INTO `dy_member_group` (`gid`, `name`, `weight`, `audit`, `submit`, `filetype`, `filesize`, `fileallsize`) VALUES(1, '普通会员', 1, 0, 1, 'jpg,gif,jpeg,png', 200, 500);
CREATE TABLE IF NOT EXISTS `dy_message` (`id` mediumint(8) unsigned NOT NULL auto_increment,`tid` smallint(5) unsigned NOT NULL default '0',`isshow` tinyint(1) unsigned NOT NULL default '0',`title` char(100) NOT NULL,`addtime` int(10) unsigned NOT NULL default '0',`retime` int(10) unsigned NOT NULL default '0',`orders` int(10) NOT NULL default '0',`user` char(30) NOT NULL,`body` text NOT NULL,`reply` text NOT NULL,PRIMARY KEY  (`id`),KEY `orbye` (`orders`,`addtime`),KEY `article` (`isshow`,`tid`)) ENGINE=MyISAM  DEFAULT CHARSET=utf8 AUTO_INCREMENT=5 ;
INSERT INTO `dy_message` (`id`, `tid`, `isshow`, `title`, `addtime`, `retime`, `orders`, `user`, `body`, `reply`) VALUES(1, 11, 1, 'asdfasdf', 1339824282, 0, 0, 'sydna', 'asdfasdf', ''),(2, 11, 1, 'fasdfasdfasdf', 1339917303, 1339917300, 0, 'sydna', 'saasdfasd', 'asdfasdf'),(3, 11, 1, 'asdf', 1340177705, 0, 0, 'sydna', 'asdfasdf', ''),(4, 11, 0, '阿斯顿法守法', 1340949556, 0, 0, '游客', '啊是的发生地方', '');
CREATE TABLE IF NOT EXISTS `dy_message_field` (`aid` mediumint(8) unsigned NOT NULL default '0',PRIMARY KEY  (`aid`)) ENGINE=MyISAM DEFAULT CHARSET=utf8;
INSERT INTO `dy_message_field` (`aid`) VALUES(1),(2),(3),(4);
CREATE TABLE IF NOT EXISTS `dy_molds` (`mid` smallint(5) unsigned NOT NULL auto_increment,`molds` char(20) NOT NULL,`molddb` char(255) NOT NULL,`moldname` char(20) NOT NULL,`orders` int(10) NOT NULL default '0',`t_index` char(50) NOT NULL,`t_list` char(50) NOT NULL,`t_listimg` char(50) NOT NULL,`t_listb` char(50) NOT NULL,`t_content` char(50) NOT NULL,`isshow` tinyint(1) unsigned NOT NULL default '1',`afiles` text NOT NULL,`version` char(20) NOT NULL,`sys` tinyint(1) unsigned NOT NULL default '0',PRIMARY KEY  (`mid`)) ENGINE=MyISAM  DEFAULT CHARSET=utf8 AUTO_INCREMENT=8 ;
INSERT INTO `dy_molds` (`mid`, `molds`, `molddb`, `moldname`, `orders`, `t_index`, `t_list`, `t_listimg`, `t_listb`, `t_content`, `isshow`, `afiles`, `version`, `sys`) VALUES(1, 'article', 'article', '文章', 0, 'list_index.html', 'list.html', 'list_image.html', 'list_body.html', 'article.html', 1, '', '1.0', 1),(6, 'message', 'message,message_field', '交互(留言)', 0, 'message.html', 'message.html', 'message.html', 'message.html', 'message.html', 1, 'doyo/admin/a_message.php,include/class/c_message.php,doyo/admin/template/message.html,doyo/admin/template/message_edit.html,doyo/message.php', '1.0', 0),(2, 'product', 'product', '产品', 0, 'list_index.html', 'list.html', 'list_image.html', 'list_body.html', 'product.html', 1, '', '1.0', 1);
CREATE TABLE IF NOT EXISTS `dy_product` (`id` mediumint(8) unsigned NOT NULL auto_increment,`tid` smallint(5) unsigned NOT NULL default '0',`sid` smallint(5) unsigned NOT NULL default '0',`isshow` tinyint(1) unsigned NOT NULL default '0',`title` char(100) NOT NULL,`style` char(60) NOT NULL,`trait` char(20) NOT NULL,`gourl` char(255) NOT NULL,`htmlfile` char(100) NOT NULL,`htmlurl` char(255) NOT NULL,`addtime` int(10) unsigned NOT NULL default '0',`hits` int(10) unsigned NOT NULL default '0',`litpic` char(255) NOT NULL,`photo` text NOT NULL,`orders` int(10) NOT NULL default '0',`price` decimal(10,2) unsigned NOT NULL default '0.00',`mrank` smallint(5) NOT NULL default '0',`mgold` int(10) unsigned NOT NULL default '0',`keywords` char(200) NOT NULL,`description` char(255) NOT NULL,`user` char(30) NOT NULL,`usertype` tinyint(2) unsigned NOT NULL default '0',PRIMARY KEY  (`id`),KEY `orbye` (`orders`,`addtime`),KEY `product` (`isshow`,`tid`,`trait`,`sid`)) ENGINE=MyISAM  DEFAULT CHARSET=utf8 AUTO_INCREMENT=7 ;
INSERT INTO `dy_product` (`id`, `tid`, `sid`, `isshow`, `title`, `style`, `trait`, `gourl`, `htmlfile`, `htmlurl`, `addtime`, `hits`, `litpic`, `photo`, `orders`, `price`, `mrank`, `mgold`, `keywords`, `description`, `user`, `usertype`) VALUES(2, 19, 0, 1, '高品质好主机', '', '', '', '', 'html/2012/06/2.html', 1340772180, 230, 'uploads/2012/04/261225443937.jpg', 'uploads/2012/04/261225443937.jpg|,||-|uploads/2012/04/261225443937.jpg|,||-|uploads/2012/04/261225443937.jpg|,||-|uploads/2012/04/261225443937.jpg|,|', 0, 0.00, 0, 0, '', '', 'admin', 0),(3, 18, 0, 1, 'DOYO通用建站系统', '', '', '', '', 'html/2012/06/3.html', 1340943900, 10, 'uploads/2012/04/261014486626.jpg', 'uploads/2012/04/261006016221.jpg|,|图片1|-|uploads/2012/04/261014486626.jpg|,|图片2|-|uploads/2012/04/261223037917.jpg|,|图片3|-|uploads/2012/04/261223037917.jpg|,|图片4', 0, 0.00, 0, 0, '', '', 'admin', 0),(4, 18, 0, 1, '啊是的发生地方', '', '', '', '', 'html/2012/06/4.html', 1340959500, 0, '', '', 0, 11.00, 0, 0, '', '', 'admin', 0),(5, 19, 0, 1, '阿斯多夫', '', '', '', '', 'html/2012/06/5.html', 1340959740, 1, '', '', 0, 0.00, 0, 0, '', '', 'admin', 0),(6, 18, 0, 1, 'asdfasdf', '', '', '', '', '', 1341200400, 0, '/uploads/2012/07/021140515665.jpg', '/uploads/2012/07/021140552888.jpg|,||-|/uploads/2012/07/021140553058.jpg|,||-|/uploads/2012/07/021140553729.jpg|,||-|/uploads/2012/07/021140558377.jpg|,||-|/uploads/2012/07/021140554637.jpg|,|', 0, 0.00, 0, 0, '', '', 'admin', 0);
CREATE TABLE IF NOT EXISTS `dy_product_field` (`aid` mediumint(8) unsigned NOT NULL default '0',`body` mediumtext NOT NULL,PRIMARY KEY  (`aid`)) ENGINE=MyISAM DEFAULT CHARSET=utf8;
INSERT INTO `dy_product_field` (`aid`, `body`) VALUES(2, '<p>只做高品质好主机</p><p><a href="http://wdoyo.cn/">http://wdoyo.cn/</a></p>'),(3, '<strong><strong>1、架构轻盈，完全免费与开源<br /></strong>采用轻量MVC架构开发，兼顾效率与拓展性。全局高效缓存，打造飞速体验。 <br /><strong>2、功能自由搭配，保证系统纯净<br /></strong>全插件机制，安装卸载全绿色操作，无残留，对系统臃肿零容忍，最小仅数百K。 <br /><strong>3、让简洁与强大并存<br /></strong>强大字段自定义功能，完善的后台开关模块，不会编程也能搭建各类网站系统。 <br /><strong>4、会员、留言、投稿神马一个不能少<br /></strong>不断升级完善的模块与插件，灵活的组装与自定义设置，满足你的多样需求。 <br /><strong>5、安装、升级、备份、转移一键完成<br /></strong>一键安装、一键升级、一键备份、一键转移。从此，让你的网站维护变得如此轻松。 <br /><strong>6、顶级的配套服务<br /></strong>超级精美的模版库，精选国内性价比、速度、安全最佳的空间，让你远离挑选的烦恼。<br /><br /></strong>'),(4, '啊是的发生地方'),(5, '使得法国'),(6, 'asdfasdfasdf');
CREATE TABLE IF NOT EXISTS `dy_special` (`sid` smallint(5) unsigned NOT NULL auto_increment,`molds` char(20) NOT NULL,`name` char(50) NOT NULL,`litpic` char(200) NOT NULL,`title` char(100) NOT NULL,`keywords` char(255) NOT NULL,`description` varchar(300) NOT NULL,`gourl` char(255) NOT NULL,`isindex` tinyint(1) unsigned NOT NULL default '1',`t_index` char(50) NOT NULL,`t_list` char(50) NOT NULL,`t_listb` char(50) NOT NULL,`listnum` mediumint(8) unsigned NOT NULL default '0',`htmldir` char(100) NOT NULL,`htmlfile` char(100) NOT NULL,`orders` int(10) NOT NULL default '0',`body` mediumtext NOT NULL,`isshow` tinyint(1) unsigned NOT NULL default '1',PRIMARY KEY  (`sid`)) ENGINE=MyISAM  DEFAULT CHARSET=utf8 AUTO_INCREMENT=5 ;
INSERT INTO `dy_special` (`sid`, `molds`, `name`, `litpic`, `title`, `keywords`, `description`, `gourl`, `isindex`, `t_index`, `t_list`, `t_listb`, `listnum`, `htmldir`, `htmlfile`, `orders`, `body`, `isshow`) VALUES(1, 'article', '专题演示', '', 'asdfasdf', '', '', '', 1, 'specia.html', 'specia_list.html', 'specia_body.html', 20, '', '', 0, '', 1);
CREATE TABLE IF NOT EXISTS `dy_traits` (`id` smallint(5) unsigned NOT NULL auto_increment,`name` char(50) NOT NULL,`molds` char(20) NOT NULL,PRIMARY KEY  (`id`)) ENGINE=MyISAM  DEFAULT CHARSET=utf8 AUTO_INCREMENT=5 ;
INSERT INTO `dy_traits` (`id`, `name`, `molds`) VALUES(1, '头条', 'article'),(2, '推荐', 'article'),(3, '头条', 'product'),(4, '推荐', 'product');
CREATE TABLE IF NOT EXISTS `dy_update` (`id` int(11) NOT NULL auto_increment,`version` char(10) NOT NULL,`newupdate` char(15) NOT NULL,`uptime` int(10) unsigned NOT NULL,PRIMARY KEY  (`id`)) ENGINE=MyISAM  DEFAULT CHARSET=utf8 AUTO_INCREMENT=5 ;